,BLN,AGUSTUS,,1,,,,2,,,,3,,,,4,,,,5,,,,6,,,,7,,,,8,,,,9,,,,10,,,,11,,,,12,,,,13,,,,14,,,,15,,,,16,,,,17,,,,18,,,,19,,,,20,,,,21,,,,22,,,,23,,,,24,,,,25,,,,26,,,,27,,,,28,,,,29,,,,30,,,,31,,,,,,,,,,9/28/2026,,7/31/2026,31,31,,,,,,,,,17/08/2026,17/08/2026,59,-28,,,,,,,,,,,,,,,,,,.,,,,,,,,,,,,,,,,,,,,,,,,,,,,,,,,,,,,,,,,,,,,,,,,,,,,,,,,,,,,,,,,,,,,,,,,,,,,,PDM,,,,TOTAL PDM
,No,Center,AKM Target Penjualan,Sabtu,,,,Minggu,,,,Senin,,,,Selasa,,,,Rabu,,,,Kamis,,,,Jumat,,,,Sabtu,,,,Minggu,,,,Senin,,,,Selasa,,,,Rabu,,,,Kamis,,,,Jumat,,,,Sabtu,,,,Minggu,,,,Senin,,,,Selasa,,,,Rabu,,,,Kamis,,,,Jumat,,,,Sabtu,,,,Minggu,,,,Senin,,,,Selasa,,,,Rabu,,,,Kamis,,,,Jumat,,,,Sabtu,,,,Minggu,,,,Senin,,,,Yakult Ori,,Yakult Rasa Mangga,,Yakult Rasa Stroberry,,Yakult Light,,Akumulasi Penjualan,"Rata"" Pjl Harian",%VS Target,Kondisi Penjualan,,,,,,,,,,,,,,,,,,,,,,,Kondisi Yakult Lady ( Diisi setiap hari ),,,,,,,,,,,,,,,,,,,,,,,,,,,,,,,,,Laporan Kontes,,,SISA STOCK HARI INI (UP DATE SETIAP HARI),,,,,,,,,,,,,,,,,,,Penjualan Minggu Teralhir Bln Sebelumnya,,,,,,,,,,,,,,,,,,,,,,,,,,,,,,,,
,,,,1/8/2026,,,,2/8/2026,,,,3/8/2026,,,,4/8/2026,,,,5/8/2026,,,,6/8/2026,,,,7/8/2026,,,,8/8/2026,,,,9/8/2026,,,,10/8/2026,,,,11/8/2026,,,,12/8/2026,,,,13/8/2026,,,,14/8/2026,,,,15/8/2026,,,,16/8/2026,,,,17/8/2026,,,,18/8/2026,,,,19/8/2026,,,,20/8/2026,,,,21/8/2026,,,,22/8/2026,,,,23/8/2026,,,,24/8/2026,,,,25/8/2026,,,,26/8/2026,,,,27/8/2026,,,,28/8/2026,,,,29/8/2026,,,,30/8/2026,,,,31/8/2026,,,,Akm,"Rata""",Akm,"Rata""",Akm,"Rata""",Akm,"Rata""",,,,Target PJL ,% Vs Target ,Target PJL,% Vs Target,Target PJL,% Vs Target,Target PJL ,% Vs Target ,""" +/- "" Target harian",""" +/- "" Target bulanan",Breakdown Target/Hari,Pjl Bln Lalu,PJL Bln Lalu ,,,,% LM ,,,,% Bulan Lalu,Pjl Thn Lalu,% LY,Jmlh Area,Jmlh Yl,% Cover Area,Jml YL LY,"""+/-""",Akm JWP,S/YL ,,,,,YL Absen,Frekuensi,AKM PDM,,,,AKM KB,,,,,,,,,,<250 btl,%     <250,<300 btl,YL Resign,Target Rekrut,Hasil Rekrut,Peserta,Lulus,%,,,,,,,,,,,,,,,,,,,,25/07,,,,26/07,,,,27/07,,,,28/07,,,,29/07,,,,30/07,,,,31/07,,,,,,,,
,"Penjualan Yakult ORI,OM & YT",,,ORI,OM,OS,YT,ORI,OM,OS,YT,ORI,OM,OS,YT,ORI,OM,OS,YT,ORI,OM,OS,YT,ORI,OM,OS,YT,ORI,OM,OS,YT,ORI,OM,OS,YT,ORI,OM,OS,YT,ORI,OM,OS,YT,ORI,OM,OS,YT,ORI,OM,OS,YT,ORI,OM,OS,YT,ORI,OM,OS,YT,ORI,OM,OS,YT,ORI,OM,OS,YT,ORI,OM,OS,YT,ORI,OM,OS,YT,ORI,OM,OS,YT,ORI,OM,OS,YT,ORI,OM,OS,YT,ORI,OM,OS,YT,ORI,OM,OS,YT,ORI,OM,OS,YT,ORI,OM,OS,YT,ORI,OM,OS,YT,ORI,OM,OS,YT,ORI,OM,OS,YT,ORI,OM,OS,YT,ORI,OM,OS,YT,ORI,OM,OS,YT,ORI,ORI,OM,OM,OS,OS,YT,YT,,,,ORI,,OM,,OS,,YT,,,,,,ORI,OM,OS,YT,ORI,OM,OS,YT,,,,,,,,,,ORI,OM,OS,LIGHT,AKM,,,ORI,OM,OS,LIGHT,KB   ORI,% ORI,KB    OM,% OM,KB    OS,% OS,KB LIGHT,% LIGHT,Akm KB ,% KB,,,,,,,,,,ORI,TGL EXP,,,OM,TGL EXP,,,OS,TGL EXP,,,LIGHT,TGL EXP,,,LOOSE,TGL Exp,AKM,ORI,OM,OS,YT,ORI,OM,OS,YT,ORI,OM,OS,YT,ORI,OM,OS,YT,ORI,OM,OS,YT,ORI,OM,OS,YT,ORI,OM,OS,YT,ORI,OM,OS,YT,
,1,JEMBER,2.825 ,1.715,275,350,230,,,,,3.270,565,655,275,1.870,320,385,270,2.645,375,590,315,2.520,405,600,360,3.470,415,620,310,3.075,455,570,305,,,,,4.345,700,860,430,4.165,630,765,350,2.410,420,515,250,2.285,345,445,255,2.305,315,545,250,2.315,345,335,250,1.980,360,470,240,,,,,3.595,540,640,350,2.235,350,495,220,2.225,380,430,240,2.345,345,405,255,2.095,295,375,200,,,,,4.145,705,745,380,2.920,330,390,230,2.540,275,305,200,2.110,285,355,165,2.110,255,310,235,1.965,265,280,215,,,,,3.195,490,555,295,69.850,2.253,10.440,337,12.990,419,7.075,228,100.355,3.237,"114,6%",1.915,"117,7%",365,"92,3%",285,"147,0%",260,"87,8%",12.780,-66.320,-1.124,2.647,1.805,262,389,191,"124,8%","128,5%","107,7%","119,5%","122,3%",3.144,"103,0%",12,11,"91,7%",12,-1,333,210,31,39,21,301,2,2,76.030,11.735,14.860,8.465,6.180,"8,1%",1.295,"11,0%",1.870,"12,6%",1.390,"16,4%",10.735,"9,7%",0,"0,0%",5,0,0,0,11,10,"90,9%",,,,,,,,,,,,,,,,,,,0,1.970,290,425,275,,,,,3.950,630,840,275,1.760,275,345,250,1.595,220,235,160,1.845,265,385,235,1.875,285,415,220,2.245,415,440,300,3.400
,2,JEMBER 2,3.545 ,2.195,395,660,365,,,,,4.410,720,860,510,2.675,410,545,305,2.330,425,480,270,2.455,430,495,250,2.335,390,505,270,2.750,395,500,250,,,,,4.225,735,815,455,4.235,425,720,265,2.710,425,505,265,2.340,400,475,225,2.360,365,500,235,2.235,385,440,260,2.135,320,450,315,,,,,4.055,570,575,360,2.270,415,505,240,2.080,320,415,220,2.530,345,475,240,2.550,380,495,250,,,,,4.615,685,670,410,2.270,330,455,290,2.490,365,505,270,2.245,375,370,200,2.455,350,450,245,2.525,365,420,295,,,,,4.685,700,750,490,74.160,2.392,11.420,368,14.035,453,7.750,250,107.365,3.463,"97,7%",2.320,"103,1%",515,"71,5%",345,"131,2%",365,"68,5%",-2.530,-101.790,-1.725,3.336,2.198,376,507,255,"108,8%","98,0%","89,3%","98,0%","103,8%",2.095,"165,3%",12,12,"100,0%",12,0,372,199,31,38,21,289,2,4,78.140,12.400,16.915,8.905,3.980,"5,1%",980,"7,9%",2.880,"17,0%",1.155,"13,0%",8.995,"7,7%",1,"8,3%",8,0,0,0,12,11,"91,7%",3.770,29/09/2026,,,430,21/09/26,,,2245,29/9/26,,,570,21/9/26,,,21,30/09/26,7.036,2.635,350,520,280,,,,,4.635,740,930,540,2.275,435,575,235,2.275,340,480,270,2.080,325,450,235,2.450,450,570,360,2.825,375,550,240,3.990
,3,TAWANGALUN,3.180 ,1.820,540,570,225,,,,,3.505,460,710,165,1.935,415,615,200,2.545,490,660,220,2.280,450,670,200,2.375,450,595,245,2.100,460,665,205,,,,,3.665,570,700,240,2.245,425,590,190,2.340,525,685,210,2.480,400,650,230,2.235,415,625,240,2.235,380,635,215,2.105,510,625,165,,,,,3.790,485,695,185,2.500,475,585,190,2.300,400,565,235,2.230,395,570,225,2.350,440,670,240,,,,,4.580,660,975,225,2.470,415,610,180,2.595,435,600,190,2.420,460,600,235,2.195,480,575,260,2.255,390,505,200,,,,,4.700,665,890,235,68.250,2.202,12.190,393,16.835,543,5.550,179,102.825,3.317,"104,3%",2.100,"104,8%",455,"86,4%",250,"217,2%",375,"47,7%",4.245,-84.795,-1.437,3.027,1.983,329,533,182,"111,0%","119,5%","101,9%","98,4%","109,6%",3.416,"97,1%",11,11,"100,0%",11,0,337,203,36,50,16,305,3,4,75.170,14.645,23.635,7.500,6.920,"9,2%",2.455,"16,8%",6.800,"28,8%",1.950,"26,0%",18.125,"15,0%",0,"0,0%",5,0,0,0,11,8,"72,7%",8.157,5/10,20/9/26,,2.605,3/10/26,28/9/26,,1440,4/10/26,29/9/26,,1625,4/10/26,28/9/26,,43,3/10,13.870,1.905,370,575,185,,,,,3.770,470,890,245,2.005,330,585,220,1.955,390,530,215,2.145,355,550,185,1.990,460,750,255,2.500,600,840,285,4.225
,4,DP JEMBER 1,3.650 ,,,,,,,,,10.995,620,1.200,500,,,,,6.495,555,950,485,,,,,6.960,580,800,410,,,,,,,,,11.230,725,1.325,750,,,,,7.665,600,870,445,,,,,7.770,575,630,370,,,,,8.420,800,1.050,440,,,,,,,,,9.520,1.135,865,515,,,,,6.195,605,750,510,,,,,,,,,10.075,725,850,540,,,,,6.645,575,825,430,,,,,9.125,655,830,490,,,,,,,,,16.820,850,1.100,655,117.915,3.804,9.000,290,12.045,389,6.540,211,145.500,4.694,"128,6%",2.865,"132,8%",285,"101,9%",330,"117,7%",170,"124,1%",32.350,-69.850,-1.184,3.622,2.799,209,478,136,"135,9%","138,9%","81,3%","155,1%","129,6%",3.985,"117,8%",10,10,"100,0%",10,0,310,380,29,39,21,469,0,0,122.220,9.080,12.265,6.800,4.305,"3,5%",80,"0,9%",220,"1,8%",260,"3,8%",4.865,"3,2%",0,"0,0%",0,0,0,0,10,10,"100,0%",,,,,,,,,,,,,,,,,,,0,,,,,,,,,,,,,,,,,,,,,,,,,,,,,,,,,0
,5,DP JEMBER 4,1.925 ,2.300,200,350,130,,,,,,,,,3.780,210,325,190,,,,,2.945,265,385,155,,,,,3.330,230,365,105,,,,,,,,,4.150,205,405,175,,,,,3.135,175,310,175,,,,,3.025,285,380,115,,,,,,,,,4.250,220,430,90,,,,,3.300,250,290,125,,,,,3.855,275,500,240,,,,,,,,,4.525,285,365,120,,,,,2.940,265,350,200,,,,,4.410,370,440,145,,,,,,,,,45.945,1.482,3.235,104,4.895,158,1.965,63,56.040,1.808,"93,9%",1.580,"93,8%",140,"74,5%",125,"126,3%",80,"79,2%",-3.635,-57.535,-975,1.764,1.441,97,172,54,"102,9%","107,6%","91,8%","117,4%","102,5%",1.796,"100,7%",7,7,"100,0%",6,1,217,212,15,23,9,258,0,0,64.760,4.140,5.985,2.810,18.815,"29,1%",905,"21,9%",1.090,"18,2%",845,"30,1%",21.655,"27,9%",3,"42,9%",1,0,0,0,7,4,"57,1%",,,,,,,,,,,,,,,,,,,0,,,,,,,,,,,,,,,,,,,,,,,,,,,,,,,,,0
,,,0 ,,,,,,,,,,,,,,,,,,,,,,,,,,,,,,,,,,,,,,,,,,,,,,,,,,,,,,,,,,,,,,,,,,,,,,,,,,,,,,,,,,,,,,,,,,,,,,,,,,,,,,,,,,,,,,,,,,,,,,,,,,,,,0,0,0,0,0,0,0,0,0,0,#DIV/0!,,#DIV/0!,,#DIV/0!,,#DIV/0!,,#DIV/0!,0,0,0,0,,,,,#DIV/0!,#DIV/0!,#DIV/0!,#DIV/0!,#DIV/0!,,#DIV/0!,,,#DIV/0!,,0,,#DIV/0!,#DIV/0!,#DIV/0!,#DIV/0!,#DIV/0!,,,0,0,0,0,,#DIV/0!,,#DIV/0!,,#DIV/0!,,#DIV/0!,0,#DIV/0!,,#DIV/0!,,,,,,,,,,,,,,,,,,,,,,,,,,0,,,,,,,,,,,,,,,,,,,,,,,,,,,,,,,,,0
,,,0 ,,,,,,,,,,,,,,,,,,,,,,,,,,,,,,,,,,,,,,,,,,,,,,,,,,,,,,,,,,,,,,,,,,,,,,,,,,,,,,,,,,,,,,,,,,,,,,,,,,,,,,,,,,,,,,,,,,,,,,,,,,,,,0,0,0,0,0,0,0,0,0,0,#DIV/0!,,#DIV/0!,,#DIV/0!,,#DIV/0!,,#DIV/0!,0,0,0,0,,,,,#DIV/0!,#DIV/0!,#DIV/0!,#DIV/0!,#DIV/0!,,#DIV/0!,,,#DIV/0!,,0,,#DIV/0!,#DIV/0!,#DIV/0!,#DIV/0!,#DIV/0!,,,0,0,0,0,,#DIV/0!,,#DIV/0!,,#DIV/0!,,#DIV/0!,0,#DIV/0!,,#DIV/0!,,,,,,,,,,,,,,,,,,,,,,,,,,0,,,,,,,,,,,,,,,,,,,,,,,,,,,,,,,,,0
,,,0 ,,,,,,,,,,,,,,,,,,,,,,,,,,,,,,,,,,,,,,,,,,,,,,,,,,,,,,,,,,,,,,,,,,,,,,,,,,,,,,,,,,,,,,,,,,,,,,,,,,,,,,,,,,,,,,,,,,,,,,,,,,,,,0,0,0,0,0,0,0,0,0,0,#DIV/0!,,#DIV/0!,,#DIV/0!,,#DIV/0!,,#DIV/0!,0,0,0,0,,,,,#DIV/0!,#DIV/0!,#DIV/0!,#DIV/0!,#DIV/0!,,#DIV/0!,,,#DIV/0!,,0,,#DIV/0!,#DIV/0!,#DIV/0!,#DIV/0!,#DIV/0!,,,0,0,0,0,,#DIV/0!,,#DIV/0!,,#DIV/0!,,#DIV/0!,0,#DIV/0!,,#DIV/0!,,,,,,,,,,,,,,,,,,,,,,,,,,0,,,,,,,,,,,,,,,,,,,,,,,,,,,,,,,,,0
,RAYON 1,,15.125 ,8.030,1.410,1.930,950,0,0,0,0,22.180,2.365,3.425,1.450,10.260,1.355,1.870,965,14.015,1.845,2.680,1.290,10.200,1.550,2.150,965,15.140,1.835,2.520,1.235,11.255,1.540,2.100,865,0,0,0,0,23.465,2.730,3.700,1.875,14.795,1.685,2.480,980,15.125,1.970,2.575,1.170,10.240,1.320,1.880,885,14.670,1.670,2.300,1.095,9.810,1.395,1.790,840,14.640,1.990,2.595,1.160,0,0,0,0,15.690,1.815,2.340,985,16.525,2.375,2.450,1.165,9.905,1.350,1.700,820,13.300,1.690,2.200,1.230,10.850,1.390,2.040,930,0,0,0,0,23.415,2.775,3.240,1.555,12.185,1.360,1.820,820,14.270,1.650,2.235,1.090,9.715,1.385,1.675,800,15.885,1.740,2.165,1.230,11.155,1.390,1.645,855,0,0,0,0,29.400,2.705,3.295,1.675,376.120,12.133,46.285,1.493,60.800,1.961,28.880,932,512.085,16.519,"109,2%",10.780,"112,6%",1.760,"84,8%",1.335,"146,9%",1.250,"74,5%",43.210,-380.290,-6.446,14.396,10.226,1.273,2.079,818,"118,6%","117,3%","94,3%","113,9%","114,7%",14.436,"114,4%",52,51,"98,1%",51,0,1.569,240,29,39,18,326,7,10,416.320,52.000,73.660,34.480,40.200,"9,7%",5.715,"11,0%",12.860,"17,5%",5.600,"16,2%",64.375,"11,2%",4,"7,8%",19,0,0,0,51,43,"84,3%",11.927,,,,3.035,,,,3.685,,,,2.195,,,,64,,20.906,9.780,,,,0,,,,17.915,,,,9.290,,,,8.665,,,,9.055,,,,10.080,,,,7.570,1.390,1.830,825,11.615
,6,PELITA,3.570 ,2.885,380,435,205,,,,,5.320,590,765,410,3.070,320,405,200,2.770,345,440,190,2.970,315,405,215,3.160,275,315,235,2.935,300,430,245,,,,,4.960,585,680,375,2.970,325,410,230,2.900,320,395,215,2.945,370,430,225,2.875,320,505,250,2.910,385,430,270,2.750,375,435,265,,,,,5.410,480,545,350,2.710,300,345,210,3.125,375,450,240,2.750,235,330,190,2.610,310,350,220,,,,,5.320,550,645,350,2.765,320,350,210,3.095,405,455,265,4.850,790,930,445,3.025,320,355,260,3.020,400,350,180,,,,,5.210,575,645,385,89.310,2.881,10.265,331,12.230,395,6.835,220,118.640,3.827,"107,2%",2.635,"109,3%",400,"82,8%",245,"161,0%",290,"76,0%",7.970,-91.990,-1.559,3.366,2.495,286,405,180,"115,5%","115,8%","97,4%","122,5%","113,7%",3.842,"99,6%",12,12,"100,0%",13,-1,372,240,28,33,18,319,2,14,92.280,10.560,12.550,7.190,2.970,"3,2%",295,"2,8%",320,"2,5%",355,"4,9%",3.940,"3,2%",1,"8,3%",3,,,,12,10,"83,3%",9.131,05/10/2026,,,1.310,22/09/2028,,,1220,23/09/2026,,,645,30/09/2026,,,38,30/09/2026,12.344,2.565,380,430,255,,,,,4.655,565,700,410,2.850,350,405,195,2.765,320,440,205,2.430,360,455,190,2.825,350,440,235,4.585,460,500,315,5.860
,7,DAWUHAN,2.745 ,2.105,225,230,80,,,,,3.200,545,625,190,1.835,120,300,85,1.750,150,230,95,2.215,255,320,135,1.855,230,315,140,2.035,245,305,105,,,,,3.350,350,540,175,2.000,260,290,95,2.390,295,365,130,2.730,340,390,110,2.175,250,300,110,2.720,345,410,145,2.635,335,445,125,,,,,3.810,400,535,85,2.430,200,230,100,2.340,250,265,85,2.150,245,355,100,2.330,305,325,100,,,,,4.525,400,570,170,1.985,165,185,75,1.910,240,270,50,1.815,170,235,85,1.995,210,265,105,2.110,245,285,75,,,,,3.890,505,580,160,64.285,2.074,7.280,235,9.165,296,2.910,94,83.640,2.698,"98,3%",2.075,"99,9%",310,"75,8%",215,"137,5%",145,"64,7%",-1.455,-78.315,-1.327,2.589,1.960,224,299,106,"105,8%","104,8%","98,9%","88,6%","104,2%",2.832,"95,3%",11,9,"81,8%",12,-3,279,230,26,33,10,300,2,14,68.085,9.475,11.590,5.405,3.800,"5,6%",2.195,"23,2%",2.425,"20,9%",2.495,"46,2%",10.915,"11,5%",1,"11,1%",4,,,,9,7,"77,8%",5.288,15/09/2026,,,1.175,15/9/26,,,1405,16/9/2026,,,955,19/8/2026,,,15,20/8/26,8.838,1.985,235,285,75,,,,,3.220,365,435,240,2.055,170,230,120,1.900,165,265,90,1.840,210,270,60,1.975,265,325,150,2.120,260,355,180,2.915
,8,KALISAT,4.030 ,2.390,335,625,120,,,,,5.230,550,730,200,3.235,340,675,160,3.080,375,740,150,3.145,335,675,135,3.425,310,655,175,3.075,355,645,135,,,,,4.905,495,785,180,3.515,325,680,155,3.240,350,585,135,3.210,365,730,145,2.950,290,670,125,2.835,345,705,95,2.730,350,555,95,,,,,6.235,435,650,185,3.620,460,650,100,3.150,315,575,125,3.435,360,640,140,3.640,310,585,150,,,,,7.185,660,700,210,3.925,480,550,105,3.470,375,600,105,3.585,375,640,120,3.720,345,560,170,3.075,430,585,125,,,,,6.055,450,500,160,98.060,3.163,10.115,326,16.690,538,3.700,119,128.565,4.147,"102,9%",3.015,"104,9%",415,"78,6%",435,"123,8%",165,"72,3%",3.635,-109.205,-1.851,3.861,2.831,299,610,121,"111,7%","109,1%","88,3%","98,6%","107,4%",3.714,"111,7%",10,9,"90,0%",10,-1,271,362,37,62,14,474,0,0,99.475,10.250,17.095,3.890,1.415,"1,4%",135,"1,3%",405,"2,4%",190,"4,9%",2.145,"1,6%",0,"0,0%",,1,1,1,8,8,"100,0%",10.240,01/10/2026,,,570,,,,1215,,,,470,,,,48,,12.543,2.690,295,640,115,,,,,4.450,440,695,150,2.710,355,690,150,2.875,380,625,140,2.880,295,560,95,2.490,290,565,105,4.900,615,850,160,6.525
,9,DP JEMBER 2,3.390 ,4.160,460,600,245,,,,,,,,,8.585,780,1.125,310,,,,,6.195,550,730,210,,,,,5.580,470,705,205,,,,,,,,,8.415,680,1.080,265,,,,,5.545,480,795,260,,,,,4.475,520,665,190,,,,,,,,,7.450,740,970,265,,,,,5.305,670,770,280,,,,,5.330,580,660,260,,,,,,,,,7.410,755,975,330,,,,,5.355,675,895,255,,,,,6.605,745,945,320,,,,,,,,,80.410,2.594,8.105,261,10.915,352,3.395,110,102.825,3.317,"97,8%",2.635,"98,4%",340,"76,9%",290,"121,4%",125,"87,6%",-2.265,-97.185,-1.647,3.125,2.406,236,395,88,"107,8%","110,8%","89,1%","124,5%","106,1%",3.565,"93,0%",10,10,"100,0%",10,0,310,259,26,35,11,332,1,1,112.745,11.245,15.195,8.950,32.335,"28,7%",3.140,"27,9%",4.280,"28,2%",5.555,"62,1%",45.310,"30,6%",2,"20,0%",0,0,0,0,10,8,"80,0%",,,,,,,,,,,,,,,,,,,0,,,,,,,,,,,,,,,,,,,,,,,,,,,,,,,,,0
,10,DP JEMBER 3,2.190 ,,,,,,,,,4.605,200,325,65,,,,,3.175,175,435,70,,,,,3.440,210,280,80,,,,,,,,,4.835,240,300,35,,,,,2.955,135,370,60,,,,,2.985,195,275,70,,,,,3.000,150,165,30,,,,,,,,,4.275,245,375,80,,,,,3.160,160,230,40,,,,,,,,,4.330,265,380,80,,,,,4.385,170,260,45,,,,,2.685,145,310,50,,,,,,,,,5.310,295,395,110,49.140,1.585,2.585,83,4.100,132,815,26,56.640,1.827,"83,4%",1.860,"85,2%",135,"61,8%",140,"94,5%",55,"47,8%",-11.250,-72.570,-1.230,2.124,1.785,98,198,43,"88,8%","85,1%","66,8%","61,1%","86,0%",1.782,"102,5%",8,8,"100,0%",8,0,248,198,10,17,3,228,3,8,72.310,6.100,10.230,3.380,23.170,"32,0%",3.515,"57,6%",6.130,"59,9%",2.565,"75,9%",35.380,"38,4%",4,"50,0%",3,0,0,0,8,4,"50,0%",,,,,,,,,,,,,,,,,,,0,,,,,,,,,,,,,,,,,,,,,,,,,,,,,,,,,0
,9,(New TKU),0 ,,,,,,,,,,,,,,,,,,,,,,,,,,,,,,,,,,,,,,,,,,,,,,,,,,,,,,,,,,,,,,,,,,,,,,,,,,,,,,,,,,,,,,,,,,,,,,,,,,,,,,,,,,,,,,,,,,,,,,,,,,,,,0,0,0,0,0,0,0,0,0,0,#DIV/0!,,#DIV/0!,,#DIV/0!,,#DIV/0!,,#DIV/0!,0,0,0,,,,,,#DIV/0!,#DIV/0!,#DIV/0!,#DIV/0!,#DIV/0!,,#DIV/0!,,,#DIV/0!,,0,,#DIV/0!,#DIV/0!,#DIV/0!,#DIV/0!,#DIV/0!,,,0,0,0,0,,#DIV/0!,,#DIV/0!,,#DIV/0!,,#DIV/0!,0,#DIV/0!,,#DIV/0!,,,,,,,,,,,,,,,,,,,,,,,,,,0,,,,,,,,,,,,,,,,,,,,,,,,,,,,,,,,,0
,,,0 ,,,,,,,,,,,,,,,,,,,,,,,,,,,,,,,,,,,,,,,,,,,,,,,,,,,,,,,,,,,,,,,,,,,,,,,,,,,,,,,,,,,,,,,,,,,,,,,,,,,,,,,,,,,,,,,,,,,,,,,,,,,,,0,0,0,0,0,0,0,0,0,0,#DIV/0!,,#DIV/0!,,#DIV/0!,,#DIV/0!,,#DIV/0!,0,0,0,0,,,,,#DIV/0!,#DIV/0!,#DIV/0!,#DIV/0!,#DIV/0!,,#DIV/0!,,,#DIV/0!,,0,,#DIV/0!,#DIV/0!,#DIV/0!,#DIV/0!,#DIV/0!,,,0,0,0,0,,#DIV/0!,,#DIV/0!,,#DIV/0!,,#DIV/0!,0,#DIV/0!,,#DIV/0!,,,,,,,,,,,,,,,,,,,,,,,,,,0,,,,,,,,,,,,,,,,,,,,,,,,,,,,,,,,,0
,,,0 ,,,,,,,,,,,,,,,,,,,,,,,,,,,,,,,,,,,,,,,,,,,,,,,,,,,,,,,,,,,,,,,,,,,,,,,,,,,,,,,,,,,,,,,,,,,,,,,,,,,,,,,,,,,,,,,,,,,,,,,,,,,,,0,0,0,0,0,0,0,0,0,0,#DIV/0!,,#DIV/0!,,#DIV/0!,,#DIV/0!,,#DIV/0!,0,0,0,0,,,,,#DIV/0!,#DIV/0!,#DIV/0!,#DIV/0!,#DIV/0!,,#DIV/0!,,,#DIV/0!,,0,,#DIV/0!,#DIV/0!,#DIV/0!,#DIV/0!,#DIV/0!,,,0,0,0,0,,#DIV/0!,,#DIV/0!,,#DIV/0!,,#DIV/0!,0,#DIV/0!,,#DIV/0!,,,,,,,,,,,,,,,,,,,,,,,,,,0,,,,,,,,,,,,,,,,,,,,,,,,,,,,,,,,,0
,,,0 ,,,,,,,,,,,,,,,,,,,,,,,,,,,,,,,,,,,,,,,,,,,,,,,,,,,,,,,,,,,,,,,,,,,,,,,,,,,,,,,,,,,,,,,,,,,,,,,,,,,,,,,,,,,,,,,,,,,,,,,,,,,,,0,0,0,0,0,0,0,0,0,0,#DIV/0!,,#DIV/0!,,#DIV/0!,,#DIV/0!,,#DIV/0!,0,0,0,0,,,,,#DIV/0!,#DIV/0!,#DIV/0!,#DIV/0!,#DIV/0!,,#DIV/0!,,,#DIV/0!,,0,,#DIV/0!,#DIV/0!,#DIV/0!,#DIV/0!,#DIV/0!,,,0,0,0,0,,#DIV/0!,,#DIV/0!,,#DIV/0!,,#DIV/0!,0,#DIV/0!,,#DIV/0!,,,,,,,,,,,,,,,,,,,,,,,,,,0,,,,,,,,,,,,,,,,,,,,,,,,,,,,,,,,,0
,,,0 ,,,,,,,,,,,,,,,,,,,,,,,,,,,,,,,,,,,,,,,,,,,,,,,,,,,,,,,,,,,,,,,,,,,,,,,,,,,,,,,,,,,,,,,,,,,,,,,,,,,,,,,,,,,,,,,,,,,,,,,,,,,,,0,0,0,0,0,0,0,0,0,0,#DIV/0!,,#DIV/0!,,#DIV/0!,,#DIV/0!,,#DIV/0!,0,0,0,0,,,,,#DIV/0!,#DIV/0!,#DIV/0!,#DIV/0!,#DIV/0!,,#DIV/0!,,,#DIV/0!,,0,,#DIV/0!,#DIV/0!,#DIV/0!,#DIV/0!,#DIV/0!,,,0,0,0,0,,#DIV/0!,,#DIV/0!,,#DIV/0!,,#DIV/0!,0,#DIV/0!,,#DIV/0!,,,,,,,,,,,,,,,,,,,,,,,,,,0,,,,,,,,,,,,,,,,,,,,,,,,,,,,,,,,,0
,RAYON 2,,15.925 ,11.540,1.400,1.890,650,0,0,0,0,18.355,1.885,2.445,865,16.725,1.560,2.505,755,10.775,1.045,1.845,505,14.525,1.455,2.130,695,11.880,1.025,1.565,630,13.625,1.370,2.085,690,0,0,0,0,18.050,1.670,2.305,765,16.900,1.590,2.460,745,11.485,1.100,1.715,540,14.430,1.555,2.345,740,10.985,1.055,1.750,555,12.940,1.595,2.210,700,11.115,1.210,1.600,515,0,0,0,0,22.905,2.055,2.700,885,13.035,1.205,1.600,490,13.920,1.610,2.060,730,11.495,1.000,1.555,470,13.910,1.505,1.920,730,0,0,0,0,21.360,1.875,2.295,810,16.085,1.720,2.060,720,12.860,1.190,1.585,465,15.605,2.010,2.700,905,11.425,1.020,1.490,585,14.810,1.820,2.165,700,0,0,0,0,20.465,1.825,2.120,815,381.205,12.297,38.350,1.237,53.100,1.713,17.655,570,490.310,15.816,"99,3%",12.220,"100,6%",1.600,"77,3%",1.325,"129,3%",780,"73,0%",-3.365,-449.265,-7.615,15.065,11.477,1.143,1.907,538,"107,1%","108,2%","89,8%","105,9%","105,0%",15.735,"100,5%",51,48,"94,1%",53,-5,1.480,258,26,36,12,331,8,37,444.895,47.630,66.660,28.815,63.690,"14,3%",9.280,"19,5%",13.560,"20,3%",11.160,"38,7%",97.690,"16,6%",8,"16,7%",10,1,1,1,47,37,"78,7%",24.659,,,,3.055,,,,3.840,,,,2.070,,,,101,,33.725,9.950,,,,0,,,,16.325,,,,10.280,,,,10.170,,,,9.645,,,,10.015,,,,11.605,1.335,1.705,655,15.300
,Pjl Harian ,,31.050 ,19.570,2.810,3.820,1.600,0,0,0,0,40.535,4.250,5.870,2.315,26.985,2.915,4.375,1.720,24.790,2.890,4.525,1.795,24.725,3.005,4.280,1.660,27.020,2.860,4.085,1.865,24.880,2.910,4.185,1.555,0,0,0,0,41.515,4.400,6.005,2.640,31.695,3.275,4.940,1.725,26.610,3.070,4.290,1.710,24.670,2.875,4.225,1.625,25.655,2.725,4.050,1.650,22.750,2.990,4.000,1.540,25.755,3.200,4.195,1.675,0,0,0,0,38.595,3.870,5.040,1.870,29.560,3.580,4.050,1.655,23.825,2.960,3.760,1.550,24.795,2.690,3.755,1.700,24.760,2.895,3.960,1.660,0,0,0,0,44.775,4.650,5.535,2.365,28.270,3.080,3.880,1.540,27.130,2.840,3.820,1.555,25.320,3.395,4.375,1.705,27.310,2.760,3.655,1.815,25.965,3.210,3.810,1.555,0,0,0,0,49.865,4.530,5.415,2.490,757.325,24.430,84.635,2.730,113.900,3.674,46.535,1.501,1.002.395,32.335,"104,1%",23.000,"106,2%",3.360,"81,3%",2.660,"138,1%",2.030,"73,9%",39.845,-829.555,-14.060,29.461,21.703,2.416,3.986,1.356,"112,6%","113,0%","92,2%","110,7%","109,8%",30.171,"107,2%",103,99,"96,1%",104,-5,3.049,248,28,37,15,329,15,47,861.215,99.630,140.320,63.295,103.890,"12,1%",14.995,"15,1%",26.420,"18,8%",16.760,"26,5%",162.065,"13,9%",12,"12,1%",29,1,1,1,98,80,"81,6%",36.586,,,,6.090,,,,7.525,,,,4.265,,,,165,,54.631,19.730,,,,0,,,,34.240,,,,19.570,,,,18.835,,,,18.700,,,,20.095,,,,19.175,2.725,3.535,1.480,26.915
,Akm Pjl Harian,,,27.800,,,,0,,,,52.970,,,,35.995,,,,34.000,,,,33.670,,,,35.830,,,,33.530,,,,0,,,,54.560,,,,41.635,,,,35.680,,,,33.395,,,,34.080,,,,31.280,,,,34.825,,,,0,,,,49.375,,,,38.845,,,,32.095,,,,32.940,,,,33.275,,,,0,,,,57.325,,,,36.770,,,,35.345,,,,34.795,,,,35.540,,,,34.540,,,,0,,,,62.300,,,,"19000,0%",,,,,,,,,,,,,,,,,,,,,,,,,,,,,,,,,,,,,,,,,,,,,,,,,,,,,,,,,,,,,,,,,,,,,,,,,,,,,,,,,,,,,,,,,,,,,,,,,,,,,,,,,,,,,,,,,,,,,,,,,
,,Akumulasi Penjualan YO/OM/OS/YT,,19.570,2.810,3.820,1.600,0,0,0,0,40.535,4.250,5.870,2.315,26.985,2.915,4.375,1.720,24.790,2.890,4.525,1.795,24.725,3.005,4.280,1.660,27.020,2.860,4.085,1.865,24.880,2.910,4.185,1.555,0,0,0,0,41.515,4.400,6.005,2.640,31.695,3.275,4.940,1.725,26.610,3.070,4.290,1.710,24.670,2.875,4.225,1.625,25.655,2.725,4.050,1.650,22.750,2.990,4.000,1.540,25.755,3.200,4.195,1.675,0,0,0,0,38.595,3.870,5.040,1.870,29.560,3.580,4.050,1.655,23.825,2.960,3.760,1.550,24.795,2.690,3.755,1.700,24.760,2.895,3.960,1.660,0,0,0,0,44.775,4.650,5.535,2.365,28.270,3.080,3.880,1.540,27.130,2.840,3.820,1.555,25.320,3.395,4.375,1.705,27.310,2.760,3.655,1.815,25.965,3.210,3.810,1.555,0,0,0,0,49.865,4.530,5.415,2.490,,,,,,,,,,,,,,,,,,,,,,,,,,,,,,,,,,,,,,,,,,,,,,,,,,,,,,,,,,,,,,,,,,,,,,,,,,,,,,,,,,,,,,,,,,,,,,,,,,,,,,,,,,,,,,,,,,,,,,,,,,
,,Rata-rata Penjualan YO/OM/OS/YT,,19.570,2.810,3.820,1.600,0,0,0,0,13.512,1.417,1.957,772,6.746,729,1.094,430,4.958,578,905,359,4.121,501,713,277,3.860,409,584,266,3.110,364,523,194,0,0,0,0,4.152,440,601,264,2.881,298,449,157,2.218,256,358,143,1.898,221,325,125,1.833,195,289,118,1.517,199,267,103,1.610,200,262,105,0,0,0,0,2.144,215,280,104,1.556,188,213,87,1.191,148,188,78,1.181,128,179,81,1.125,132,180,75,0,0,0,0,1.866,194,231,99,1.131,123,155,62,1.043,109,147,60,938,126,162,63,975,99,131,65,895,111,131,54,0,0,0,0,1.609,146,175,80,,,,,,,,,,,,,,,,,,,,,,,,,,,,,,,,,,,,,,,,,,,,,,,,,,,,,,,,,,,,,,,,,,,,,,,,,,,,,,,,,,,,,,,,,,,,,,,,,,,,,,,,,,,,,,,,,,,,,,,,,,
,,Akumulasi Penjualan ALL,,27.800,,,,27.800,,,,80.770,,,,116.765,,,,150.765,,,,184.435,,,,220.265,,,,253.795,,,,253.795,,,,308.355,,,,349.990,,,,385.670,,,,419.065,,,,453.145,,,,484.425,,,,519.250,,,,519.250,,,,568.625,,,,607.470,,,,639.565,,,,672.505,,,,705.780,,,,705.780,,,,763.105,,,,799.875,,,,835.220,,,,870.015,,,,905.555,,,,940.095,,,,940.095,,,,1.002.395,,,,,,,,,,,,,,,,,,,,,,,,,,,,,,,,,,,,,,,,,,,,,,,,,,,,,,,,,,,,,,,,,,,,,,,,,,,,,,,,,,,,,,,,,,,,,,,,,,,,,,,,,,,,,,,,,,,,,,,,,,,,,
,,"Rata"" Penjualan",,27.800,,,,13.900,,,,26.923,,,,29.191,,,,30.153,,,,30.739,,,,31.466,,,,31.724,,,,28.199,,,,30.836,,,,31.817,,,,32.139,,,,32.236,,,,32.368,,,,32.295,,,,32.453,,,,30.544,,,,31.590,,,,31.972,,,,31.978,,,,32.024,,,,32.081,,,,30.686,,,,31.796,,,,31.995,,,,32.124,,,,32.223,,,,32.341,,,,32.417,,,,31.337,,,,32.335,,,,,,,,,,,,,,,,,,,,,,,,,,,,,,,,,,,,,,,,,,,,,,,,,,,,,,,,,,,,,,,,,,,,,,,,,,,,,,,,,,,,,,,,,,,,,,,,,,,,,,,,,,,,,,,,,,,,,,,,,,,,,
,,Akumulasi Target,,31.050,,,,62.100,,,,93.150,,,,124.200,,,,155.250,,,,186.300,,,,217.350,,,,248.400,,,,279.450,,,,310.500,,,,341.550,,,,372.600,,,,403.650,,,,434.700,,,,465.750,,,,496.800,,,,527.850,,,,558.900,,,,589.950,,,,621.000,,,,652.050,,,,683.100,,,,714.150,,,,745.200,,,,776.250,,,,807.300,,,,838.350,,,,869.400,,,,900.450,,,,931.500,,,,962.550,,,,,,,,,,,,,,,,,,,,,,,,,,,,,,,,,,,,,,,,,,,,,,,,,,,,,,,,,,,,,,,,,,,,,,,,,,,,,,,,,,,,,,,,,,,,,,,,,,,,,,,,,,,,,,,,,,,,,,,,,,,,,
,,Akm Selisih Botol vs Target,,-3.250,,,,-34.300,,,,-12.380,,,,-7.435,,,,-4.485,,,,-1.865,,,,2.915,,,,5.395,,,,-25.655,,,,-2.145,,,,8.440,,,,13.070,,,,15.415,,,,18.445,,,,18.675,,,,22.450,,,,-8.600,,,,9.725,,,,17.520,,,,18.565,,,,20.455,,,,22.680,,,,-8.370,,,,17.905,,,,23.625,,,,27.920,,,,31.665,,,,36.155,,,,39.645,,,,8.595,,,,39.845,,,,,,,,,,,,,,,,,,,,,,,,,,,,,,,,,,,,,,,,,,,,,,,,,,,,,,,,,,,,,,,,,,,,,,,,,,,,,,,,,,,,,,,,,,,,,,,,,,,,,,,,,,,,,,,,,,,,,,,,,,,,,
,Selisih Botol vs Minggu lalu,,,8.070,,,,0,,,,18.730,,,,16.425,,,,15.165,,,,14.970,,,,15.735,,,,5.730,,,,0,,,,1.590,,,,5.640,,,,1.680,,,,-275,,,,-1.750,,,,-2.250,,,,34.825,,,,-54.560,,,,7.740,,,,3.165,,,,-1.300,,,,-1.140,,,,1.995,,,,-34.825,,,,57.325,,,,-12.605,,,,-3.500,,,,2.700,,,,2.600,,,,1.265,,,,0,,,,4.975,,,,,,,,,,,,,,,,,,,,,,,,,,,,,,,,,,,,,,,,,,,,,,,,,,,,,,,,,,,,,,,,,,,,,,,,,,,,,,,,,,,,,,,,,,,,,,,,,,,,,,,,,,,,,,,,,,,,,,,,,,,,,
,% Vs Target,,31.050,"89,5%",,,,"44,8%",,,,"86,7%",,,,"94,0%",,,,"97,1%",,,,"99,0%",,,,"101,3%",,,,"102,2%",,,,"90,8%",,,,"99,3%",,,,"102,5%",,,,"103,5%",,,,"103,8%",,,,"104,2%",,,,"104,0%",,,,"104,5%",,,,"98,4%",,,,"101,7%",,,,"103,0%",,,,"103,0%",,,,"103,1%",,,,"103,3%",,,,"98,8%",,,,"102,4%",,,,"103,0%",,,,"103,5%",,,,"103,8%",,,,"104,2%",,,,"104,4%",,,,"100,9%",,,,"104,1%",,,,,,,,,,,,,,,,,,,,,,,,,,,,,,,,,,,,,,,,,,,,,,,,,,,,,,,,,,,,,,,,,,,,,,,,,,,,,,,,,,,,,,,,,,,,,,,,,,,,,,,,,,,,,,,,,,,,,,,,,,,,,
,% Vs Bulan Lalu,,29.461,"94,4%",,,,"47,2%",,,,"91,4%",,,,"99,1%",,,,"102,3%",,,,"104,3%",,,,"106,8%",,,,"107,7%",,,,"95,7%",,,,"104,7%",,,,"108,0%",,,,"109,1%",,,,"109,4%",,,,"109,9%",,,,"109,6%",,,,"110,2%",,,,"103,7%",,,,"107,2%",,,,"108,5%",,,,"108,5%",,,,"108,7%",,,,"108,9%",,,,"104,2%",,,,"107,9%",,,,"108,6%",,,,"109,0%",,,,"109,4%",,,,"109,8%",,,,"110,0%",,,,"106,4%",,,,"109,8%",,,,,,,,,,,,,,,,,,,,,,,,,,,,,,,,,,,,,,,,,,,,,,,,,,,,,,,,,,,,,,,,,,,,,,,,,,,,,,,,,,,,,,,,,,,,,,,,,,,,,,,,,,,,,,,,,,,,,,,,,,,,,
,% Vs Tahun Lalu,,30.171,"92,1%",,,,"46,1%",,,,"89,2%",,,,"96,8%",,,,"99,9%",,,,"101,9%",,,,"104,3%",,,,"105,1%",,,,"93,5%",,,,"102,2%",,,,"105,5%",,,,"106,5%",,,,"106,8%",,,,"107,3%",,,,"107,0%",,,,"107,6%",,,,"101,2%",,,,"104,7%",,,,"106,0%",,,,"106,0%",,,,"106,1%",,,,"106,3%",,,,"101,7%",,,,"105,4%",,,,"106,0%",,,,"106,5%",,,,"106,8%",,,,"107,2%",,,,"107,4%",,,,"103,9%",,,,"107,2%",,,,,,,,,,,,,,,,,,,,,,,,,,,,,,,,,,,,,,,,,,,,,,,,,,,,,,,,,,,,,,,,,,,,,,,,,,,,,,,,,,,,,,,,,,,,,,,,,,,,,,,,,,,,,,,,,,,,,,,,,,,,,
,Akm Selisih Botol vs Tahun Lalu,,,-2.371,,,,-32.542,,,,-9.743,,,,-3.919,,,,-90,,,,3.409,,,,9.068,,,,12.427,,,,-17.744,,,,6.645,,,,18.109,,,,23.618,,,,26.842,,,,30.751,,,,31.860,,,,36.514,,,,6.343,,,,25.547,,,,34.221,,,,36.145,,,,38.914,,,,42.018,,,,11.847,,,,39.001,,,,45.600,,,,50.774,,,,55.398,,,,60.767,,,,65.136,,,,34.965,,,,67.094,,,,,,,,,,,,,,,,,,,,,,,,,,,,,,,,,,,,,,,,,,,,,,,,,,,,,,,,,,,,,,,,,,,,,,,,,,,,,,,,,,,,,,,,,,,,,,,,,,,,,,,,,,,,,,,,,,,,,,,,,,,,,
,,,,,,,,,,,,,,,,,,,,,,,,,,,,,,,,,,,,,,,,,,,,,,,,,,,,,,,,,,,,,,,,,,,,,,,,,,,,,,,,,,,,,,,,,,,,,,,,,,,,,,,,,,,,,,,,,,,,,,,,,,,,,,,,,,,,,,,,,,,,,,,,,,,,,,,,,,,,,,,,,,,,,,,,,,,,,,,,,,,,,,,,,,,,,,,,, ,,,,,,,,,,,,,,,,,,,,,,,,,,,,,,,,,,,,,,,,,,,,,,,,,,,,,,,,
,,JANUARI,,01/01/2026,,,,02/01/2026,,,,03/01/2026,,,,04/01/2026,,,,05/01/2026,,,,06/01/2026,,,,07/01/2026,,,,08/01/2026,,,,09/01/2026,,,,10/01/2026,,,,11/01/2026,,,,12/01/2026,,,,13/01/2026,,,,14/01/2026,,,,15/01/2026,,,,16/01/2026,,,,17/01/2026,,,,18/01/2026,,,,19/01/2026,,,,20/01/2026,,,,21/01/2026,,,,22/01/2026,,,,23/01/2026,,,,24/01/2026,,,,25/01/2026,,,,26/01/2026,,,,27/01/2026,,,,28/01/2026,,,,29/01/2026,,,,30/01/2026,,,,31/01/2026,,,,,,,,,,,,31/Jan ,31,31/12/2026,,,,,,,,,,,,,,,,,,,,,,,,,,,,,,,,,,,,,,,,,,,,,,,,,,,,,,,,,,,,,,,,,,,,,,,,,,,,,,,,,,,,,,,,,,,,,,,,,,,,,,,,,,,,,,,
,,FEBRUARI,,01/02/2026,,,,02/02/2026,,,,03/02/2026,,,,04/02/2026,,,,05/02/2026,,,,06/02/2026,,,,07/02/2026,,,,08/02/2026,,,,09/02/2026,,,,10/02/2026,,,,11/02/2026,,,,12/02/2026,,,,13/02/2026,,,,14/02/2026,,,,15/02/2026,,,,16/02/2026,,,,17/02/2026,,,,18/02/2026,,,,19/02/2026,,,,20/02/2026,,,,21/02/2026,,,,22/02/2026,,,,23/02/2026,,,,24/02/2026,,,,25/02/2026,,,,26/02/2026,,,,27/02/2026,,,,28/02/2026,,,,,,,,,,,,,,,,,,,,,,,,28/Feb ,28,31/Jan ,,,,,,,,,,,,,,,,,,,,,,,,,,,,,,,,,,,,,,,,,,,,,,,,,,,,,,,,,,,,,,,,,,,,,,,,,,,,,,,,,,,,,,,,,,,,,,,,,,,,,,,,,,,,,,,
,,MARET,,01/03/2026,,,,02/03/2026,,,,03/03/2026,,,,04/03/2026,,,,05/03/2026,,,,06/03/2026,,,,07/03/2026,,,,08/03/2026,,,,09/03/2026,,,,10/03/2026,,,,11/03/2026,,,,12/03/2026,,,,13/03/2026,,,,14/03/2026,,,,15/03/2026,,,,16/03/2026,,,,17/03/2026,,,,18/03/2026,,,,19/03/2026,,,,20/03/2026,,,,21/03/2026,,,,22/03/2026,,,,23/03/2026,,,,24/03/2026,,,,25/03/2026,,,,26/03/2026,,,,27/03/2026,,,,28/03/2026,,,,29/03/2026,,,,30/03/2026,,,,31/03/2026,,,,,,,,,,,,31/Mar ,31,28/Feb ,,,,,,,,,,,,,,,,,,,,,,,,,,,,,,,,,,,,,,,,,,,,,,,,,,,,,,,,,,,,,,,,,,,,,,,,,,,,,,,,,,,,,,,,,,,,,,,,,,,,,,,,,,,,,,,
,,APRIL,,01/04/2026,,,,02/04/2026,,,,03/04/2026,,,,04/04/2026,,,,05/04/2026,,,,06/04/2026,,,,07/04/2026,,,,08/04/2026,,,,09/04/2026,,,,10/04/2026,,,,11/04/2026,,,,12/04/2026,,,,13/04/2026,,,,14/04/2026,,,,15/04/2026,,,,16/04/2026,,,,17/04/2026,,,,18/04/2026,,,,19/04/2026,,,,20/04/2026,,,,21/04/2026,,,,22/04/2026,,,,23/04/2026,,,,24/04/2026,,,,25/04/2026,,,,26/04/2026,,,,27/04/2026,,,,28/04/2026,,,,29/04/2026,,,,30/04/2026,,,,,,,,,,,,,,,,30/Apr ,30,31/Mar ,,,,,,,,,,,,,,,,,,,,,,,,,,,,,,,,,,,,,,,,,,,,,,,,,,,,,,,,,,,,,,,,,,,,,,,,,,,,,,,,,,,,,,,,,,,,,,,,,,,,,,,,,,,,,,,
,,MEI,,01/05/2026,,,,02/05/2026,,,,03/05/2026,,,,04/05/2026,,,,05/05/2026,,,,06/05/2026,,,,07/05/2026,,,,08/05/2026,,,,09/05/2026,,,,10/05/2026,,,,11/05/2026,,,,12/05/2026,,,,13/05/2026,,,,14/05/2026,,,,15/05/2026,,,,16/05/2026,,,,17/05/2026,,,,18/05/2026,,,,19/05/2026,,,,20/05/2026,,,,21/05/2026,,,,22/05/2026,,,,23/05/2026,,,,24/05/2026,,,,25/05/2026,,,,26/05/2026,,,,27/05/2026,,,,28/05/2026,,,,29/05/2026,,,,30/05/2026,,,,31/05/2026,,,,,,,,,,,,31/Mei ,31,30/Apr ,,,,,,,,,,,,,,,,,,,,,,,,,,,,,,,,,,,,,,,,,,,,,,,,,,,,,,,,,,,,,,,,,,,,,,,,,,,,,,,,,,,,,,,,,,,,,,,,,,,,,,,,,,,,,,,
,,JUNI,,01/06/2026,,,,02/06/2026,,,,03/06/2026,,,,04/06/2026,,,,05/06/2026,,,,06/06/2026,,,,07/06/2026,,,,08/06/2026,,,,09/06/2026,,,,10/06/2026,,,,11/06/2026,,,,12/06/2026,,,,13/06/2026,,,,14/06/2026,,,,15/06/2026,,,,16/06/2026,,,,17/06/2026,,,,18/06/2026,,,,19/06/2026,,,,20/06/2026,,,,21/06/2026,,,,22/06/2026,,,,23/06/2026,,,,24/06/2026,,,,25/06/2026,,,,26/06/2026,,,,27/06/2026,,,,28/06/2026,,,,29/06/2026,,,,30/06/2026,,,,,,,,,,,,,,,,30/Jun ,30,31/Mei ,,,,,,,,,,,,,,,,,,,,,,,,,,,,,,,,,,,,,,,,,,,,,,,,,,,,,,,,,,,,,,,,,,,,,,,,,,,,,,,,,,,,,,,,,,,,,,,,,,,,,,,,,,,,,,,
,,JULI,,01/07/2026,,,,02/07/2026,,,,03/07/2026,,,,04/07/2026,,,,05/07/2026,,,,06/07/2026,,,,07/07/2026,,,,08/07/2026,,,,09/07/2026,,,,10/07/2026,,,,11/07/2026,,,,12/07/2026,,,,13/07/2026,,,,14/07/2026,,,,15/07/2026,,,,16/07/2026,,,,17/07/2026,,,,18/07/2026,,,,19/07/2026,,,,20/07/2026,,,,21/07/2026,,,,22/07/2026,,,,23/07/2026,,,,24/07/2026,,,,25/07/2026,,,,26/07/2026,,,,27/07/2026,,,,28/07/2026,,,,29/07/2026,,,,30/07/2026,,,,31/07/2026,,,,,,,,,,,,31/Jul ,31,30/Jun ,,,,,,,,,,,,,,,,,,,,,,,,,,,,,,,,,,,,,,,,,,,,,,,,,,,,,,,,,,,,,,,,,,,,,,,,,,,,,,,,,,,,,,,,,,,,,,,,,,,,,,,,,,,,,,,
,,AGUSTUS,,01/08/2026,,,,02/08/2026,,,,03/08/2026,,,,04/08/2026,,,,05/08/2026,,,,06/08/2026,,,,07/08/2026,,,,08/08/2026,,,,09/08/2026,,,,10/08/2026,,,,11/08/2026,,,,12/08/2026,,,,13/08/2026,,,,14/08/2026,,,,15/08/2026,,,,16/08/2026,,,,17/08/2026,,,,18/08/2026,,,,19/08/2026,,,,20/08/2026,,,,21/08/2026,,,,22/08/2026,,,,23/08/2026,,,,24/08/2026,,,,25/08/2026,,,,26/08/2026,,,,27/08/2026,,,,28/08/2026,,,,29/08/2026,,,,30/08/2026,,,,31/08/2026,,,,,,,,,,,,31/Agu ,31,31/Jul ,,,,,,,,,,,,,,,,,,,,,,,,,,,,,,,,,,,,,,,,,,,,,,,,,,,,,,,,,,,,,,,,,,,,,,,,,,,,,,,,,,,,,,,,,,,,,,,,,,,,,,,,,,,,,,,
,,SEPTEMBER,,01/09/2026,,,,02/09/2026,,,,03/09/2026,,,,04/09/2026,,,,05/09/2026,,,,06/09/2026,,,,07/09/2026,,,,08/09/2026,,,,09/09/2026,,,,10/09/2026,,,,11/09/2026,,,,12/09/2026,,,,13/09/2026,,,,14/09/2026,,,,15/09/2026,,,,16/09/2026,,,,17/09/2026,,,,18/09/2026,,,,19/09/2026,,,,20/09/2026,,,,21/09/2026,,,,22/09/2026,,,,23/09/2026,,,,24/09/2026,,,,25/09/2026,,,,26/09/2026,,,,27/09/2026,,,,28/09/2026,,,,29/09/2026,,,,30/09/2026,,,,,,,,,,,,,,,,30/Sep ,30,31/Agu ,,,,,,,,,,,,,,,,,,,,,,,,,,,,,,,,,,,,,,,,,,,,,,,,,,,,,,,,,,,,,,,,,,,,,,,,,,,,,,,,,,,,,,,,,,,,,,,,,,,,,,,,,,,,,,,
,,OKTOBER,,01/10/2026,,,,02/10/2026,,,,03/10/2026,,,,04/10/2026,,,,05/10/2026,,,,06/10/2026,,,,07/10/2026,,,,08/10/2026,,,,09/10/2026,,,,10/10/2026,,,,11/10/2026,,,,12/10/2026,,,,13/10/2026,,,,14/10/2026,,,,15/10/2026,,,,16/10/2026,,,,17/10/2026,,,,18/10/2026,,,,19/10/2026,,,,20/10/2026,,,,21/10/2026,,,,22/10/2026,,,,23/10/2026,,,,24/10/2026,,,,25/10/2026,,,,26/10/2026,,,,27/10/2026,,,,28/10/2026,,,,29/10/2026,,,,30/10/2026,,,,31/10/2026,,,,,,,,,,,,31/Okt ,31,30/Sep ,,,,,,,,,,,,,,,,,,,,,,,,,,,,,,,,,,,,,,,,,,,,,,,,,,,,,,,,,,,,,,,,,,,,,,,,,,,,,,,,,,,,,,,,,,,,,,,,,,,,,,,,,,,,,,,
,,NOVEMBER,,01/11/2026,,,,02/11/2026,,,,03/11/2026,,,,04/11/2026,,,,05/11/2026,,,,06/11/2026,,,,07/11/2026,,,,08/11/2026,,,,09/11/2026,,,,10/11/2026,,,,11/11/2026,,,,12/11/2026,,,,13/11/2026,,,,14/11/2026,,,,15/11/2026,,,,16/11/2026,,,,17/11/2026,,,,18/11/2026,,,,19/11/2026,,,,20/11/2026,,,,21/11/2026,,,,22/11/2026,,,,23/11/2026,,,,24/11/2026,,,,25/11/2026,,,,26/11/2026,,,,27/11/2026,,,,28/11/2026,,,,29/11/2026,,,,30/11/2026,,,,,,,,,,,,,,,,30/Nov ,30,31/Okt ,,,,,,,,,,,,,,,,,,,,,,,,,,,,,,,,,,,,,,,,,,,,,,,,,,,,,,,,,,,,,,,,,,,,,,,,,,,,,,,,,,,,,,,,,,,,,,,,,,,,,,,,,,,,,,,
,,DESEMBER,,01/12/2026,,,,02/12/2026,,,,03/12/2026,,,,04/12/2026,,,,05/12/2026,,,,06/12/2026,,,,07/12/2026,,,,08/12/2026,,,,09/12/2026,,,,10/12/2026,,,,11/12/2026,,,,12/12/2026,,,,13/12/2026,,,,14/12/2026,,,,15/12/2026,,,,16/12/2026,,,,17/12/2026,,,,18/12/2026,,,,19/12/2026,,,,20/12/2026,,,,21/12/2026,,,,22/12/2026,,,,23/12/2026,,,,24/12/2026,,,,25/12/2026,,,,26/12/2026,,,,27/12/2026,,,,28/12/2026,,,,29/12/2026,,,,30/12/2026,,,,31/12/2026,,,,,,,,,,,,31/Des ,31,30/Nov ,,,,,,,,,,,,,,,,,,,,,,,,,,,,,,,,,,,,,,,,,,,,,,,,,,,,,,,,,,,,,,,,,,,,,,,,,,,,,,,,,,,,,,,,,,,,,,,,,,,,,,,,,,,,,,,
,,,,3,4,5,6,7,8,9,10,11,12,13,14,15,16,17,18,19,20,21,22,23,24,25,26,27,28,29,30,31,32,33,34,35,36,37,38,39,40,41,42,43,44,45,46,47,48,49,50,51,52,53,54,55,56,57,58,59,60,61,62,63,64,65,66,67,68,69,70,71,72,73,74,75,76,77,78,79,80,81,82,83,84,85,86,87,88,89,90,91,92,93,94,95,96,97,98,99,100,101,102,103,104,105,106,107,108,109,110,111,112,113,114,115,116,117,118,119,120,121,122,123,124,125,126,127,128,129,130,131,132,133,134,135,136,137,,,,,,,,,,,,,,,,,,,,,,,,,,,,,,,,,,,,,,,,,,,,,,,,,,,,,,,,,,,,,,,,,,,,,,,,,,,,,,,,,,,,,,,,,,,,,,,,,,,,,,,,,,,,,,,
,,,,,,,,,,,,,,,,,,,,,,,,,,,,,,,,,,,,,,,,,,,,,,,,,,,,,,,,,,,,,,,,,,,,,,,,,,,,,,,,,,,,,,,,,,,,,,,,,,,,,,,,,,,,,,,,,,,,,,,,,,,,,,,,,,,,,,,,,,,,,,,,,,,,,,,,,,,,,,,,,,,,,,,,,,,,,,,,,,,,,,,,,,,,,,,,,,,,,,,,,,,,,,,,,,,,,,,,,,,,,,,,,,,,,,,,,,,,,,,,,,,,,,,,,
,,,,,,,,,,,,,,,,,,,,,,,,,,,,,,,,,,,,,,,,,,,,,,,,,,,,,,,,,,,,,,,,,,,,,,,,,,,,,,,,,,,,,,,,,,,,,,,,,,,,,,,,,,,,,,,,,,,,,,,,,,,,,,,,,,,,,,,,,,,,,,,,,,,,,,,,,,,,,,,,,,,,,,,,,,,,,,,,,,,,,,,,,,,,,,,,,,,,,,,,,,,,,,,,,,,,,,,,,,,,,,,,,,,,,,,,,,,,,,,,,,,,,,,,,
,,,,,,,,,,,,,,,,,,,,,,,,,,,,,,,,,,,,,,,,,,,,,,,,,,,,,,,,,,,,,,,,,,,,,,,,,,,,,,,,,,,,,,,,,,,,,,,,,,,,,,,,,,,,,,,,,,,,,,,,,,,,,,,,,,,,,,,,,,,,,,,,,,,,,,,,,,,,,,,,,,,,,,,,,,,,,,,,,,,,,,,,,,,,,,,,,,,,,,,,,,,,,,,,,,,,,,,,,,,,,,,,,,,,,,,,,,,,,,,,,,,,,,,,,
,,,,,,,,,,,,,,,,,,,,,,,,,,,,,,,,,,,,,,,,,,,,,,,,,,,,,,,,,,,,,,,,,,,,,,,,,,,,,,,,,,,,,,,,,,,,,,,,,,,,,,,,,,,,,,,,,,,,,,,,,,,,,,,,,,,,,,,,,,,,,,,,,,,,,,,,,,,,,,,,,,,,,,110,,,,,,,,,,,,,,,,,,,,,,,,,,,,,,,,,,,,,,,,,,,,,,,,,,,,,,,,,,,,,,,,,,,,,,,,,,,,,,,,,,,
,,,,,,,,,,,,,,,,,,,,,,,,,,,,,,,,,,,,,,,,,,,,,,,,,,,,,,,,,,,,,,,,,,,,,,,,,,,,,,,,,,,,,,,,,,,,,,,,,,,,,,,,,,,,,,,,,,,,,,,,,,,,,,,,,,,,,,,,,,,,,,,,,,,,,,,,,,,,,,,,,,,,,,,,,,,,,,,,,,,,,,,,,,,,,,,,,,,,,,,,,,,,,,,,,,,,,,,,,,,,,,,,,,,,,,,,,,,,,,,,,,,,,,,,,
,,,,,,,,,,,,,,,,,,,,,,,,,,,,,,,,,,,,,,,,,,,,,,,,,,,,,,,,,,,,,,,,,,,,,,,,,,,,,,,,,,,,,,,,,,,,,,,,,,,,,,,,,,,,,,,,,,,,,,,,,,,,,,,,,,,,,,,,,,,,,,,,,,,,,,,,,,,,,,,,,,,,,,,,,,,,,,,,,,,,,,,,,,,,,,,,,,,,,,,,,,,,,,,,,,,,,,,,,,,,,,,,,,,,,,,,,,,,,,,,,,,,,,,,,
,,TKU,,TGL 1-7,,,,TGL 8-14,,,,TGL 15-21,,,,TGL 22-28,,,,TGL 29-30-31,,,,M2 vs M1,,,,M3 vs M2,,,,M4 vs M3,,,,,,,,,,,,,,,,,,,,,,,,,,,,,,,,,,,,,,,,,,,,,,,,,,,,,,,,,,,,,,,,,,,,,,,,,,,,,,,,,,,,,,,,,,,,,,,,,,,,,,,,,,,,,,,,,,,,,,,,,,,,,,,,,,,,,,,,,,,,,,,,,,,,,,,,,,,,,,,,,,,,,,,,,,,,,,,,,,,,,,,,,,,,,,,,,,,,,,,,,,,,,,,,,,,,,,,,,
,,JEMBER,,15.490,2.355,3.200,1.760,18.585,2.865,3.700,1.840,14.695,2.320,2.775,1.555,15.920,2.145,2.480,1.410,5.160,755,835,510,3.095,510,500,80,(3.890),(545),(925),(285),1.225,(175),(295),(145),,,,,,,,,,,,,,,,,,,,,,,,,,,,,,,,,,,,,,,,,,,,,,,,,,,,,,,,,,,,,,,,,,,,,,,,,,,,,,,,,,,,,,,,,,,,,,,,,,,,,,,,,,,,,,,,,,,,,,,,,,,,,,,,,,,,,,,,,,,,,,,,,,,,,,,,,,,,,,,,,,,,,,,,,,,,,,,,,,,,,,,,,,,,,,,,,,,,,,,,,,,,,,,,,,,,,,
,,JEMBER 2,,16.400,2.770,3.545,1.970,18.620,2.745,3.515,1.695,15.305,2.355,2.860,1.635,16.625,2.485,2.945,1.665,7.210,1.065,1.170,785,2.220,(25),(30),(275),(3.315),(390),(655),(60),1.320,130,85,30,,,,,,,,,,,,,,,,,,,,,,,,,,,,,,,,,,,,,,,,,,,,,,,,,,,,,,,,,,,,,,,,,,,,,,,,,,,,,,,,,,,,,,,,,,,,,,,,,,,,,,,,,,,,,,,,,,,,,,,,,,,,,,,,,,,,,,,,,,,,,,,,,,,,,,,,,,,,,,,,,,,,,,,,,,,,,,,,,,,,,,,,,,,,,,,,,,,,,,,,,,,,,,,,,,,,,,
,,TAWANGALUN,,14.460,2.805,3.820,1.255,15.065,2.795,3.915,1.315,15.160,2.645,3.675,1.215,16.610,2.890,4.030,1.330,6.955,1.055,1.395,435,605,(10),95,60,95,(150),(240),(100),1.450,245,355,115,,,,,,,,,,,,,,,,,,,,,,,,,,,,,,,,,,,,,,,,,,,,,,,,,,,,,,,,,,,,,,,,,,,,,,,,,,,,,,,,,,,,,,,,,,,,,,,,,,,,,,,,,,,,,,,,,,,,,,,,,,,,,,,,,,,,,,,,,,,,,,,,,,,,,,,,,,,,,,,,,,,,,,,,,,,,,,,,,,,,,,,,,,,,,,,,,,,,,,,,,,,,,,,,,,,,,,
,,DP JEMBER 1,,24.450,1.755,2.950,1.395,26.665,1.900,2.825,1.565,24.135,2.540,2.665,1.465,25.845,1.955,2.505,1.460,16.820,850,1.100,655,2.215,145,(125),170,(2.530),640,(160),(100),1.710,(585),(160),(5),,,,,,,,,,,,,,,,,,,,,,,,,,,,,,,,,,,,,,,,,,,,,,,,,,,,,,,,,,,,,,,,,,,,,,,,,,,,,,,,,,,,,,,,,,,,,,,,,,,,,,,,,,,,,,,,,,,,,,,,,,,,,,,,,,,,,,,,,,,,,,,,,,,,,,,,,,,,,,,,,,,,,,,,,,,,,,,,,,,,,,,,,,,,,,,,,,,,,,,,,,,,,,,,,,,,,,
,,DP JEMBER 4,,9.025,675,1.060,475,10.615,610,1.080,455,10.575,755,1.100,330,11.320,825,1.215,560,4.410,370,440,145,1.590,(65),20,(20),(40),145,20,(125),745,70,115,230,,,,,,,,,,,,,,,,,,,,,,,,,,,,,,,,,,,,,,,,,,,,,,,,,,,,,,,,,,,,,,,,,,,,,,,,,,,,,,,,,,,,,,,,,,,,,,,,,,,,,,,,,,,,,,,,,,,,,,,,,,,,,,,,,,,,,,,,,,,,,,,,,,,,,,,,,,,,,,,,,,,,,,,,,,,,,,,,,,,,,,,,,,,,,,,,,,,,,,,,,,,,,,,,,,,,,,
,,,,0,0,0,0,0,0,0,0,0,0,0,0,0,0,0,0,0,0,0,0,0,0,0,0,0,0,0,0,0,0,0,0,,,,,,,,,,,,,,,,,,,,,,,,,,,,,,,,,,,,,,,,,,,,,,,,,,,,,,,,,,,,,,,,,,,,,,,,,,,,,,,,,,,,,,,,,,,,,,,,,,,,,,,,,,,,,,,,,,,,,,,,,,,,,,,,,,,,,,,,,,,,,,,,,,,,,,,,,,,,,,,,,,,,,,,,,,,,,,,,,,,,,,,,,,,,,,,,,,,,,,,,,,,,,,,,,,,,,,
,,,,0,0,0,0,0,0,0,0,0,0,0,0,0,0,0,0,0,0,0,0,0,0,0,0,0,0,0,0,0,0,0,0,,,,,,,,,,,,,,,,,,,,,,,,,,,,,,,,,,,,,,,,,,,,,,,,,,,,,,,,,,,,,,,,,,,,,,,,,,,,,,,,,,,,,,,,,,,,,,,,,,,,,,,,,,,,,,,,,,,,,,,,,,,,,,,,,,,,,,,,,,,,,,,,,,,,,,,,,,,,,,,,,,,,,,,,,,,,,,,,,,,,,,,,,,,,,,,,,,,,,,,,,,,,,,,,,,,,,,
,,,,0,0,0,0,0,0,0,0,0,0,0,0,0,0,0,0,0,0,0,0,0,0,0,0,0,0,0,0,0,0,0,0,,,,,,,,,,,,,,,,,,,,,,,,,,,,,,,,,,,,,,,,,,,,,,,,,,,,,,,,,,,,,,,,,,,,,,,,,,,,,,,,,,,,,,,,,,,,,,,,,,,,,,,,,,,,,,,,,,,,,,,,,,,,,,,,,,,,,,,,,,,,,,,,,,,,,,,,,,,,,,,,,,,,,,,,,,,,,,,,,,,,,,,,,,,,,,,,,,,,,,,,,,,,,,,,,,,,,,
,,RAYON 1,,79.825,10.360,14.575,6.855,89.550,10.915,15.035,6.870,79.870,10.615,13.075,6.200,86.320,10.300,13.175,6.425,40.555,4.095,4.940,2.530,9.725,555,460,15,(9.680),(300),(1.960),(670),6.450,(315),100,225,,,,,,,,,,,,,,,,,,,,,,,,,,,,,,,,,,,,,,,,,,,,,,,,,,,,,,,,,,,,,,,,,,,,,,,,,,,,,,,,,,,,,,,,,,,,,,,,,,,,,,,,,,,,,,,,,,,,,,,,,,,,,,,,,,,,,,,,,,,,,,,,,,,,,,,,,,,,,,,,,,,,,,,,,,,,,,,,,,,,,,,,,,,,,,,,,,,,,,,,,,,,,,,,,,,,,,
,,PELITA,,20.175,2.225,2.765,1.455,19.585,2.220,2.850,1.540,19.655,2.150,2.535,1.525,21.665,2.695,3.085,1.750,8.230,975,995,565,(590),(5),85,85,70,(70),(315),(15),2.010,545,550,225,,,,,,,,,,,,,,,,,,,,,,,,,,,,,,,,,,,,,,,,,,,,,,,,,,,,,,,,,,,,,,,,,,,,,,,,,,,,,,,,,,,,,,,,,,,,,,,,,,,,,,,,,,,,,,,,,,,,,,,,,,,,,,,,,,,,,,,,,,,,,,,,,,,,,,,,,,,,,,,,,,,,,,,,,,,,,,,,,,,,,,,,,,,,,,,,,,,,,,,,,,,,,,,,,,,,,,
,,DAWUHAN,,12.960,1.525,2.020,725,14.680,1.740,2.190,725,16.085,1.775,2.240,640,14.560,1.490,1.850,585,6.000,750,865,235,1.720,215,170,0,1.405,35,50,(85),(1.525),(285),(390),(55),,,,,,,,,,,,,,,,,,,,,,,,,,,,,,,,,,,,,,,,,,,,,,,,,,,,,,,,,,,,,,,,,,,,,,,,,,,,,,,,,,,,,,,,,,,,,,,,,,,,,,,,,,,,,,,,,,,,,,,,,,,,,,,,,,,,,,,,,,,,,,,,,,,,,,,,,,,,,,,,,,,,,,,,,,,,,,,,,,,,,,,,,,,,,,,,,,,,,,,,,,,,,,,,,,,,,,
,,KALISAT,,20.505,2.245,4.100,940,20.895,2.180,4.095,875,22.005,2.265,3.775,740,25.525,2.545,3.635,860,9.130,880,1.085,285,390,(65),(5),(65),1.110,85,(320),(135),3.520,280,(140),120,,,,,,,,,,,,,,,,,,,,,,,,,,,,,,,,,,,,,,,,,,,,,,,,,,,,,,,,,,,,,,,,,,,,,,,,,,,,,,,,,,,,,,,,,,,,,,,,,,,,,,,,,,,,,,,,,,,,,,,,,,,,,,,,,,,,,,,,,,,,,,,,,,,,,,,,,,,,,,,,,,,,,,,,,,,,,,,,,,,,,,,,,,,,,,,,,,,,,,,,,,,,,,,,,,,,,,
,,DP JEMBER 2,,18.940,1.790,2.455,765,19.540,1.630,2.580,730,17.230,1.930,2.405,735,18.095,2.010,2.530,845,6.605,745,945,320,600,(160),125,(35),(2.310),300,(175),5,865,80,125,110,,,,,,,,,,,,,,,,,,,,,,,,,,,,,,,,,,,,,,,,,,,,,,,,,,,,,,,,,,,,,,,,,,,,,,,,,,,,,,,,,,,,,,,,,,,,,,,,,,,,,,,,,,,,,,,,,,,,,,,,,,,,,,,,,,,,,,,,,,,,,,,,,,,,,,,,,,,,,,,,,,,,,,,,,,,,,,,,,,,,,,,,,,,,,,,,,,,,,,,,,,,,,,,,,,,,,,
,,DP JEMBER 3,,11.220,585,1.040,215,10.775,570,945,165,10.435,555,770,150,11.400,580,950,175,5.310,295,395,110,(445),(15),(95),(50),(340),(15),(175),(15),965,25,180,25,,,,,,,,,,,,,,,,,,,,,,,,,,,,,,,,,,,,,,,,,,,,,,,,,,,,,,,,,,,,,,,,,,,,,,,,,,,,,,,,,,,,,,,,,,,,,,,,,,,,,,,,,,,,,,,,,,,,,,,,,,,,,,,,,,,,,,,,,,,,,,,,,,,,,,,,,,,,,,,,,,,,,,,,,,,,,,,,,,,,,,,,,,,,,,,,,,,,,,,,,,,,,,,,,,,,,,
,,,,0,0,0,0,0,0,0,0,0,0,0,0,0,0,0,0,0,0,0,0,0,0,0,0,0,0,0,0,0,0,0,0,,,,,,,,,,,,,,,,,,,,,,,,,,,,,,,,,,,,,,,,,,,,,,,,,,,,,,,,,,,,,,,,,,,,,,,,,,,,,,,,,,,,,,,,,,,,,,,,,,,,,,,,,,,,,,,,,,,,,,,,,,,,,,,,,,,,,,,,,,,,,,,,,,,,,,,,,,,,,,,,,,,,,,,,,,,,,,,,,,,,,,,,,,,,,,,,,,,,,,,,,,,,,,,,,,,,,,
,,,,0,0,0,0,0,0,0,0,0,0,0,0,0,0,0,0,0,0,0,0,0,0,0,0,0,0,0,0,0,0,0,0,,,,,,,,,,,,,,,,,,,,,,,,,,,,,,,,,,,,,,,,,,,,,,,,,,,,,,,,,,,,,,,,,,,,,,,,,,,,,,,,,,,,,,,,,,,,,,,,,,,,,,,,,,,,,,,,,,,,,,,,,,,,,,,,,,,,,,,,,,,,,,,,,,,,,,,,,,,,,,,,,,,,,,,,,,,,,,,,,,,,,,,,,,,,,,,,,,,,,,,,,,,,,,,,,,,,,,
,,,,0,0,0,0,0,0,0,0,0,0,0,0,0,0,0,0,0,0,0,0,0,0,0,0,0,0,0,0,0,0,0,0,,,,,,,,,,,,,,,,,,,,,,,,,,,,,,,,,,,,,,,,,,,,,,,,,,,,,,,,,,,,,,,,,,,,,,,,,,,,,,,,,,,,,,,,,,,,,,,,,,,,,,,,,,,,,,,,,,,,,,,,,,,,,,,,,,,,,,,,,,,,,,,,,,,,,,,,,,,,,,,,,,,,,,,,,,,,,,,,,,,,,,,,,,,,,,,,,,,,,,,,,,,,,,,,,,,,,,
,,,,0,0,0,0,0,0,0,0,0,0,0,0,0,0,0,0,0,0,0,0,0,0,0,0,0,0,0,0,0,0,0,0,,,,,,,,,,,,,,,,,,,,,,,,,,,,,,,,,,,,,,,,,,,,,,,,,,,,,,,,,,,,,,,,,,,,,,,,,,,,,,,,,,,,,,,,,,,,,,,,,,,,,,,,,,,,,,,,,,,,,,,,,,,,,,,,,,,,,,,,,,,,,,,,,,,,,,,,,,,,,,,,,,,,,,,,,,,,,,,,,,,,,,,,,,,,,,,,,,,,,,,,,,,,,,,,,,,,,,
,,,,0,0,0,0,0,0,0,0,0,0,0,0,0,0,0,0,0,0,0,0,0,0,0,0,0,0,0,0,0,0,0,0,,,,,,,,,,,,,,,,,,,,,,,,,,,,,,,,,,,,,,,,,,,,,,,,,,,,,,,,,,,,,,,,,,,,,,,,,,,,,,,,,,,,,,,,,,,,,,,,,,,,,,,,,,,,,,,,,,,,,,,,,,,,,,,,,,,,,,,,,,,,,,,,,,,,,,,,,,,,,,,,,,,,,,,,,,,,,,,,,,,,,,,,,,,,,,,,,,,,,,,,,,,,,,,,,,,,,,
,,RAYON 2,,83.800,8.370,12.380,4.100,85.475,8.340,12.660,4.035,85.410,8.675,11.725,3.790,91.245,9.320,12.050,4.215,35.275,3.645,4.285,1.515,1.675,(30),280,(65),(65),335,(935),(245),5.835,645,325,425,,,,,,,,,,,,,,,,,,,,,,,,,,,,,,,,,,,,,,,,,,,,,,,,,,,,,,,,,,,,,,,,,,,,,,,,,,,,,,,,,,,,,,,,,,,,,,,,,,,,,,,,,,,,,,,,,,,,,,,,,,,,,,,,,,,,,,,,,,,,,,,,,,,,,,,,,,,,,,,,,,,,,,,,,,,,,,,,,,,,,,,,,,,,,,,,,,,,,,,,,,,,,,,,,,,,,,
,,TOTAL SALES ,,163.625,18.730,26.955,10.955,175.025,19.255,27.695,10.905,165.280,19.290,24.800,9.990,177.565,19.620,25.225,10.640,75.830,7.740,9.225,4.045,11.400,525,740,(50),(9.745),35,(2.895),(915),12.285,330,425,650,,,,,,,,,,,,,,,,,,,,,,,,,,,,,,,,,,,,,,,,,,,,,,,,,,,,,,,,,,,,,,,,,,,,,,,,,,,,,,,,,,,,,,,,,,,,,,,,,,,,,,,,,,,,,,,,,,,,,,,,,,,,,,,,,,,,,,,,,,,,,,,,,,,,,,,,,,,,,,,,,,,,,,,,,,,,,,,,,,,,,,,,,,,,,,,,,,,,,,,,,,,,,,,,,,,,,,
,,SALES MINGGUAN,,220.265,,,,232.880,,,,219.360,,,,233.050,,,,96.840,0,0,0,12.615,0,0,0,(13.520),0,0,0,13.690,0,0,0,,,,,,,,,,,,,,,,,,,,,,,,,,,,,,,,,,,,,,,,,,,,,,,,,,,,,,,,,,,,,,,,,,,,,,,,,,,,,,,,,,,,,,,,,,,,,,,,,,,,,,,,,,,,,,,,,,,,,,,,,,,,,,,,,,,,,,,,,,,,,,,,,,,,,,,,,,,,,,,,,,,,,,,,,,,,,,,,,,,,,,,,,,,,,,,,,,,,,,,,,,,,,,,,,,,,,,
,,,,,,,,"105,73%",,,,"94,19%",,,,"106,24%",,,,,,,,,,,,,,,,,,,,,,,,,,,,,,,,,,,,,,,,,,,,,,,,,,,,,,,,,,,,,,,,,,,,,,,,,,,,,,,,,,,,,,,,,,,,,,,,,,,,,,,,,,,,,,,,,,,,,,,,,,,,,,,,,,,,,,,,,,,,,,,,,,,,,,,,,,,,,,,,,,,,,,,,,,,,,,,,,,,,,,,,,,,,,,,,,,,,,,,,,,,,,,,,,,,,,,,,,,,,,,,,,,,,,,,,,